pos_HGVS	Residue	RSA
20	A	0.10268282684
21	T	0.691207805093
22	R	0.752081267425
23	R	0.523571482824
24	Y	0.78595358229
25	Y	0.643777299041
26	L	1.089740102911
27	G	1.27885071963
28	A	1.27885071963
29	V	0.818702581981
30	E	0.557511910216
31	L	0.561928926576
32	S	0.515456340675
33	W	0.950406290512
34	D	0.762079448581
35	Y	0.93803369608
36	M	0.601473221632
37	Q	0.31218061007
38	S	0.431676482404
39	D	0.48144667658
40	L	0.442806719883
41	G	0.32657877266
42	E	0.499390042117
43	L	0.529006161768
44	P	0.306182856118
45	V	0.408381713915
46	D	0.379949751869
47	A	0.379330890763
48	R	0.467910231804
49	F	0.533984432962
50	P	0.513250954455
51	P	0.496232663201
52	R	0.416096632091
53	V	0.382707924443
54	P	0.611113832419
55	K	0.297292410391
56	S	0.284353835853
57	F	0.24331664181
58	P	0.351149590237
59	F	0.322805119649
60	N	0.343315680341
61	T	0.35147439229
62	S	0.391419172407
63	V	0.344349404955
64	V	0.63289662081
65	Y	0.960073007706
66	K	0.731942797677
67	K	1.06817694176
68	T	1.2329997790673
69	L	0.822791676847
70	F	1.1992571868976
71	V	0.877533061049
72	E	0.465999107524
73	F	1.046467162189
74	T	0.376953529124
75	D	0.770144579345
76	H	0.546137396713
77	L	0.554328874276
78	F	0.344426493057
79	N	0.481451390921
80	I	0.406030302814
81	A	0.23573235922
82	K	0.341105817993
83	P	0.746662103434
84	R	0.519416435059
85	P	0.6648648406
86	P	0.582732188174
87	W	0.997234606932
88	M	0.988765218338
89	G	0.71265461168
90	L	1.109501926531
91	L	1.2109277032953
92	G	1.2040760904559
93	P	0.732879588208
94	T	0.647759380259
95	I	1.103305370513
96	Q	0.571413797591
97	A	0.964247196272
98	E	0.910743372347
99	V	0.943717600598
100	Y	0.376823091772
101	D	0.830513753917
102	T	0.834793324152
103	V	1.27885071963
104	V	0.725220507115
105	I	1.1790777696654
106	T	0.842562601268
107	L	1.27885071963
108	K	0.905647510611
109	N	1.246320365441
110	M	0.568597689933
111	A	1.038403581566
112	S	0.551336262364
113	H	0.90640904889
114	P	0.818230367714
115	V	1.27885071963
116	S	1.27885071963
117	L	1.27885071963
118	H	1.27885071963
119	A	1.27885071963
120	V	1.2187842722456
121	G	1.27885071963
122	V	1.147044004518
123	S	0.851270288289
124	Y	1.030238991679
125	W	0.491531967344
126	K	0.971257160859
127	A	0.593317719925
128	S	1.27885071963
129	E	1.27885071963
130	G	1.148023788972
131	A	0.928616903651
132	E	0.28607466841
133	Y	1.037802457466
134	D	0.403728984148
135	D	1.205379671661
136	Q	0.583809821454
137	T	0.829273374803
138	S	0.61139896883
139	Q	0.442263900803
140	R	0.48939174406
141	E	0.639920040367
142	K	0.712338511366
143	E	0.490549109525
144	D	0.896836162939
145	D	1.063825198477
146	K	0.639739571264
147	V	1.128338331094
148	F	0.616112694865
149	P	0.636787126345
150	G	0.26429840453
151	G	0.801517470787
152	S	0.596298888471
153	H	0.737569748962
154	T	0.589669943491
155	Y	1.1821638624315
156	V	0.661174893688
157	W	1.2361859762692
158	Q	0.623516837454
159	V	1.176008211537
160	L	0.735124722453
161	K	0.334618646152
162	E	0.545729506709
163	N	1.144450879484
164	G	1.031701657152
165	P	0.960480537027
166	M	0.851694274969
167	A	0.335629632591
168	S	0.642370316469
169	D	0.999039542669
170	P	0.501762852466
171	L	0.643416853364
172	C	0.78710419417
173	L	1.01989641275
174	T	1.122601822877
175	Y	1.164825386093
176	S	1.27885071963
177	Y	1.27885071963
178	L	1.27885071963
179	S	1.27885071963
180	H	1.100385776564
181	V	0.792248707542
182	D	0.772276604733
183	L	1.130730806513
184	V	0.8129639854
185	K	0.668204512271
186	D	1.2474007012828
187	L	1.27885071963
188	N	1.153514200836
189	S	1.27885071963
190	G	1.27885071963
191	L	1.27885071963
192	I	1.27885071963
193	G	1.27885071963
194	A	1.27885071963
195	L	1.27885071963
196	L	1.082500463806
197	V	1.27885071963
198	C	1.093842166004
199	R	0.758878840099
200	E	0.443216038352
201	G	0.393520773856
202	S	0.630685391636
203	L	0.52236897097
204	A	0.46388859063
205	K	0.62572383746
206	E	0.532447833409
207	K	0.490252796017
208	T	0.68868405875
209	Q	0.379640607008
210	T	0.568826156803
211	L	0.37313202124
212	H	0.700447362859
213	K	0.57833988895
214	F	1.019676118416
215	I	1.134813703296
216	L	1.27885071963
217	L	1.27885071963
218	F	1.27885071963
219	A	1.27885071963
220	V	1.1911319326603
221	F	1.27885071963
222	D	0.83161318014
223	E	1.128067478899
224	G	0.491282710709
225	K	0.487048681566
226	S	0.923314364527
227	W	0.742634201515
228	H	0.448067192498
229	S	0.325367100464
230	E	0.21729007851
231	T	0.411822102553
232	K	0.24338019666
233	N	0.14300069873
241	A	0.01
242	A	0.24083049053
243	S	0.325395119557
244	A	0.639888037419
245	R	0.747786256368
246	A	0.400006344528
247	W	0.422584810935
248	P	0.466956005526
249	K	0.615928792827
250	M	0.874107975312
251	H	1.138416468979
252	T	1.27885071963
253	V	1.27885071963
254	N	1.27885071963
255	G	1.27885071963
256	Y	1.1973473989507
257	V	1.022740781474
258	N	0.751152172365
259	R	0.729946024309
260	S	0.894384408448
261	L	1.134127632656
262	P	0.663912110778
263	G	0.555251014625
264	L	1.2481330619994
265	I	0.521830919514
266	G	0.960485752019
267	C	0.952045321038
268	H	0.709554445481
269	R	0.388203363968
270	K	0.470722070014
271	S	0.592479127576
272	V	1.2107778729214
273	Y	0.542325083622
274	W	1.27885071963
275	H	0.98011520885
276	V	1.27885071963
277	I	1.27885071963
278	G	1.27885071963
279	M	1.27885071963
280	G	1.143209260605
281	T	0.948562118524
282	T	0.879176705201
283	P	0.784672168569
284	E	0.805091181042
285	V	0.644007374568
286	H	1.2647237446208
287	S	0.849941629281
288	I	1.27885071963
289	F	0.759407335095
290	L	1.182167509909
291	E	0.40522136059
292	G	0.724360397635
293	H	0.866111862222
294	T	0.665712097996
295	F	1.164415712708
296	L	0.83972198081
297	V	0.758446517552
298	R	0.421757791756
299	N	0.735317635389
300	H	0.901686531873
301	R	0.815245027914
302	Q	0.555096996151
303	A	0.768962576522
304	S	1.1800223406188
305	L	1.094922922805
306	E	0.735396504867
307	I	1.2384100908275
308	S	1.03923840808
309	P	1.27885071963
310	I	1.27885071963
311	T	0.999626127899
312	F	0.933766244476
313	L	0.781192538681
314	T	0.661889085408
315	A	0.999078780015
316	Q	0.832225828419
317	T	1.1806806103104
318	L	0.580743721019
319	L	1.2292285469157
320	M	0.622994776776
321	D	0.582683173651
322	L	0.63237650107
323	G	0.731464833943
324	Q	0.550174384529
325	F	0.931801396483
326	L	0.883886968227
327	L	1.27885071963
328	F	0.927155312542
329	C	1.1888436120853
330	H	0.613406676008
331	I	0.655431619713
332	S	0.534976972724
333	S	0.618243607847
334	H	1.014591509802
335	Q	0.799212466507
336	H	0.560297606322
337	D	0.647986104669
338	G	1.27885071963
339	M	1.27885071963
340	E	1.038108048678
341	A	1.27885071963
342	Y	0.706845912478
343	V	1.2353841975118
344	K	0.598291232756
345	V	1.110237491881
346	D	0.523137795856
347	S	0.388695074546
348	C	0.538578230591
349	P	0.27024232339
350	E	0.334993731607
351	E	0.27798084695
352	P	0.364871907935
353	Q	0.16465030341
NA	F	0.18749237888
NA	D	0.313243041585
NA	D	0.23306049345
NA	D	0.346595960808
NA	N	0.25300841649
NA	S	0.405640309263
NA	P	0.24901004554
NA	S	0.23074932238
NA	F	0.23405952536
NA	I	0.374504701681
NA	Q	0.29515908696
NA	I	0.444297818841
NA	R	0.24607245769
392	S	0.476338524996
393	V	0.423793949412
394	A	0.20566468914
395	K	0.285224716956
396	K	0.336034628185
397	H	0.37319603711
398	P	0.398608162623
399	K	0.483125908281
400	T	0.522004655378
401	W	0.786090949173
402	V	0.495797052334
403	H	0.83883735226
404	Y	0.900025137719
405	I	0.948259287369
406	A	1.27885071963
407	A	1.27885071963
408	E	0.927423949233
409	E	0.852119249257
410	E	0.699506496341
411	D	0.774995678648
412	W	0.989204603866
413	D	0.764974254553
414	Y	1.27885071963
415	A	0.941126516202
416	P	0.26927555856
417	L	0.664167517603
418	V	0.673347741149
419	L	0.547541965116
420	A	0.83784516065
421	P	0.288128639374
422	D	0.26448893589
423	D	0.378732175016
424	R	0.866210317137
425	S	0.578355385329
426	Y	0.438824926202
427	K	0.869112743135
428	S	1.045552285913
429	Q	0.685399033815
430	Y	1.080775422184
431	L	1.2310183238916
432	N	0.766392905119
433	N	0.534088928748
434	G	0.844477606673
435	P	0.419216343872
436	Q	0.710356750832
437	R	0.797025016708
438	I	0.923857183041
439	G	1.2216719225922
440	R	0.91218346932
441	K	0.678233618233
442	Y	1.2040160486707
443	K	1.011351246937
444	K	1.27885071963
445	V	1.27885071963
446	R	1.003186428635
447	F	1.118750879243
448	M	0.749529665014
449	A	0.736018203138
450	Y	0.932742857465
451	T	0.640698831986
452	D	0.491959961121
453	E	0.97435411753
454	T	0.354080603227
455	F	0.708388085734
456	K	0.480345645564
457	T	0.73582519116
458	R	0.402536600994
459	E	0.523551625455
460	A	0.486658293118
461	I	0.20518595418
462	Q	0.25998601424
463	H	0.533943951133
464	E	0.717841899695
465	S	0.846543205822
466	G	1.021931576751
467	I	1.27885071963
468	L	1.077564150413
469	G	1.27885071963
470	P	0.534544850988
471	L	0.495091572787
472	L	1.052792380753
473	Y	0.558143491466
474	G	1.27885071963
475	E	0.8179929757
476	V	0.656286282691
477	G	0.529883874424
478	D	1.057265709465
479	T	1.029634107875
480	L	1.27885071963
481	L	0.71852892578
482	I	1.124555663953
483	I	0.964984307563
484	F	1.27885071963
485	K	1.10797363577
486	N	1.131948325165
487	Q	0.672621452721
488	A	0.980615342536
489	S	0.617905345685
490	R	0.859700191996
491	P	0.748441021454
492	Y	1.27885071963
493	N	1.27885071963
494	I	1.155942932071
495	Y	0.962580094235
496	P	1.2322156159747
497	H	0.526057194902
498	G	0.59164507099
499	I	1.117227535874
500	T	0.501019024443
501	D	0.731684553258
502	V	1.03574989602
503	R	0.714095016363
504	P	0.902476948188
505	L	0.842996485711
506	Y	0.297640457683
507	S	0.62299382354
508	R	0.386961156638
509	R	0.390178605859
510	L	0.613097756533
511	P	0.55280091732
512	K	0.284386884447
513	G	0.412793762258
514	V	0.798025990617
515	K	0.480156627286
516	H	0.697769405482
517	L	1.144052105042
518	K	0.983836430738
519	D	0.590093076787
520	F	0.695704406204
521	P	0.904881094878
522	I	0.685964897779
523	L	1.117328950877
524	P	0.419464784094
525	G	0.562402282702
526	E	0.552514072664
527	I	0.643322212231
528	F	0.77295697815
529	K	0.6241921907
530	Y	1.1985916320777
531	K	0.913762432068
532	W	1.2352741755016
533	T	0.861076594638
534	V	1.151707758934
535	T	0.719367957699
536	V	0.533025184763
537	E	0.690602518922
538	D	0.920820346988
539	G	0.835409737371
540	P	0.867653421069
541	T	0.823595169084
542	K	0.453945805518
543	S	0.719545467868
544	D	0.960817895029
545	P	0.642374920928
546	R	0.556362964708
547	C	1.142767629589
548	L	0.9710705935
549	T	1.2029553174826
550	R	0.786691629588
551	Y	0.785940343898
552	Y	1.043488605325
553	S	0.971270841516
554	S	1.11324577449
555	F	0.907409345271
556	V	0.908346652332
557	N	0.732831854228
558	M	0.44700629631
559	E	0.487369508263
560	R	0.627294913248
561	D	1.27885071963
562	L	0.674412326238
563	A	0.845622249523
564	S	1.27885071963
565	G	1.27885071963
566	L	1.27885071963
567	I	1.015437792197
568	G	1.27885071963
569	P	1.2145231390334
570	L	1.27885071963
571	L	1.022216197007
572	I	1.2003526471132
573	C	1.099895317144
574	Y	0.482336567812
575	K	0.466973541215
576	E	0.26820522264
577	S	0.38285589555
578	V	0.321387106475
579	D	0.2578988855
580	Q	0.413099189331
581	R	0.323426247085
582	G	0.382083204378
583	N	0.485224003322
584	Q	0.370544655897
585	I	0.471031685263
586	M	0.437146443928
587	S	0.27611819686
588	D	0.386613341084
589	K	0.523609951151
590	R	0.537737875441
591	N	0.958897057506
592	V	1.01776721418
593	I	1.27885071963
594	L	1.1890991017664
595	F	1.133182002798
596	S	0.86707974098
597	V	0.624764259591
598	F	1.168051977428
599	D	0.932514097152
600	E	1.058684113651
601	N	0.592962795997
602	R	0.595629169769
603	S	1.163877268034
604	W	0.744412790266
605	Y	1.2514878072137
606	L	0.514607242437
607	T	0.622479839915
608	E	0.548579869742
609	N	1.1873823340464
610	I	0.839367262014
611	Q	0.385952597563
612	R	0.667150042906
613	F	0.823006625678
614	L	1.054509962235
615	P	0.505721195233
616	N	0.833411805239
617	P	0.350980375718
618	A	0.471589000617
619	G	0.421737639237
620	V	0.761211177545
621	Q	0.498315261906
622	L	0.302870697605
623	E	0.401274697467
624	D	0.828242937486
625	P	0.408519036559
626	E	0.658882027598
627	F	0.993870422381
628	Q	0.800253810576
629	A	0.662640646142
630	S	1.088210329102
631	N	1.024143480951
632	I	0.936830984942
633	M	1.27885071963
634	H	0.922574944796
635	S	1.27885071963
636	I	1.1826390117732
637	N	1.27885071963
638	G	1.27885071963
639	Y	1.07041731941
640	V	1.27885071963
641	F	1.068757209823
642	D	0.736839273537
643	S	0.954127441828
644	L	1.098122406339
645	Q	0.659292582094
646	L	1.146163798459
647	S	0.581899804918
648	V	1.117345991579
649	C	0.875521800043
650	L	0.521419217286
651	H	0.474787380984
652	E	0.71111963794
653	V	0.364619585406
654	A	0.913047654656
655	Y	0.727572984712
656	W	1.2061696015003
657	Y	1.2166400269002
658	I	1.27885071963
659	L	1.17701935624
660	S	1.001160469223
661	I	0.708070693645
662	G	0.671213550504
663	A	0.427953558124
664	Q	0.496316105537
665	T	0.550788635429
666	D	0.6261116235
667	F	0.918452868085
668	L	0.846088736974
669	S	1.2364042909215
670	V	1.178772857003
671	F	1.27885071963
672	F	1.073177785526
673	S	1.27885071963
674	G	1.27885071963
675	Y	1.139657586803
676	T	1.27885071963
677	F	1.27885071963
678	K	1.27885071963
679	H	1.2508682873063
680	K	0.710946191737
681	M	0.629143380354
682	V	0.90718906864
683	Y	1.02196570714
684	E	1.07425417645
685	D	0.931636015325
686	T	1.035616870183
687	L	0.849779325568
688	T	0.939689376638
689	L	0.955623303242
690	F	0.415428342241
691	P	1.093720808507
692	F	0.767658498302
693	S	0.575205683744
694	G	0.424635558795
695	E	0.8553994805
696	T	0.964230989268
697	V	0.634913860059
698	F	1.042004939608
699	M	1.17018176625
700	S	0.737613193878
701	M	1.27885071963
702	E	0.937421442054
703	N	1.2032418725706
704	P	0.87134470737
705	G	1.026867900583
706	L	1.092715441399
707	W	0.925979664666
708	I	0.71187699361
709	L	1.2518277683269
710	G	0.626197502466
711	C	1.2109453054922
712	H	0.861448858452
713	N	0.995858449334
714	S	0.704164202491
715	D	1.092683965403
716	F	0.606111501072
717	R	0.537756765549
718	N	0.966872565948
719	R	0.640759451765
720	G	0.21652484756
721	M	0.794598784059
722	T	1.27885071963
723	A	1.27885071963
724	L	0.683998405618
725	L	1.2047629830112
726	K	0.913144061702
727	V	1.172151154984
728	S	0.870367936447
729	S	0.745751993988
NA	C	0.6509332756
NA	D	0.23603301477
NA	K	0.41274537172
NA	N	0.424103305411
NA	T	0.26206444058
NA	G	0.402231088603
NA	D	0.384651849939
NA	Y	0.526633872733
NA	Y	0.375439011672
NA	E	0.315832512495
NA	D	0.457508257789
NA	S	0.376219354604
NA	Y	0.488013768029
NA	E	0.464264894201
NA	D	0.10215461265
NA	R	0.22805875266
1709	S	0.25879654327
1710	F	0.24967624578
1711	Q	0.27353902752
1712	K	0.415259474189
1713	K	0.424452777133
1714	T	0.527421622105
1715	R	0.830865186397
1716	H	0.402107432317
1717	Y	0.727154971192
1718	F	0.526464235551
1719	I	0.929049599048
1720	A	1.23018681815
1721	A	1.27885071963
1722	V	0.879263864665
1723	E	0.860994888174
1724	R	0.394820535344
1725	L	0.481784393489
1726	W	0.894060829233
1727	D	0.572289413922
1728	Y	0.795646035729
1729	G	0.21311907949
1730	M	0.405344704725
1731	S	0.314894440202
1732	S	0.20689717153
1733	S	0.621139575705
1734	P	0.516849514083
1735	H	0.27672014531
1736	V	0.456434296537
1737	L	0.402541961682
1738	R	0.489888481545
1739	N	0.385496493332
1740	R	0.26439849889
1741	A	0.420007499458
1742	Q	0.391773674205
1743	S	0.282964389134
1744	G	0.634300245473
1745	S	0.324269844475
1746	V	0.457573298351
1747	P	0.554830294013
1748	Q	0.596699834183
1749	F	0.84745165168
1750	K	0.736019030837
1751	K	1.121240782287
1752	V	1.2175968225086
1753	V	0.898529545993
1754	F	1.27885071963
1755	Q	0.971193705794
1756	E	0.968722977286
1757	F	0.951777956218
1758	T	0.655400252926
1759	D	0.649203338322
1760	G	0.565260327631
1761	S	0.801115928748
1762	F	0.510285871091
1763	T	0.321185577539
1764	Q	0.479993607376
1765	P	0.810145156169
1766	L	0.949579051445
1767	Y	0.37541093371
1768	R	0.503348271732
1769	G	0.433018594682
1770	E	0.923246383632
1771	L	0.684416649544
1772	N	0.650215329483
1773	E	0.558963578812
1774	H	1.141323238429
1775	L	1.165559595431
1776	G	0.712128417249
1777	L	1.085918007015
1778	L	1.176898536349
1779	G	1.27885071963
1780	P	0.918995732216
1781	Y	1.009465606475
1782	I	1.042553229775
1783	R	0.96658705911
1784	A	1.1845270618281
1785	E	1.035830803743
1786	V	0.840433105284
1787	E	0.411820522802
1788	D	1.129419922538
1789	N	0.941388348959
1790	I	1.27885071963
1791	M	0.935778728813
1792	V	1.169203773182
1793	T	0.745986581225
1794	F	1.168269177797
1795	R	0.775579795356
1796	N	1.135149747837
1797	Q	0.898932485175
1798	A	0.927341028664
1799	S	0.699825723358
1800	R	0.874688963137
1801	P	0.925201849039
1802	Y	1.2290641222501
1803	S	1.27885071963
1804	F	1.1859829800632
1805	Y	1.097845979322
1806	S	1.27885071963
1807	S	1.27885071963
1808	L	1.27885071963
1809	I	1.169768261321
1810	S	1.2216165850501
1811	Y	0.593245240347
1812	E	0.834288856526
1813	E	0.406577594345
1814	D	0.863639336588
1815	Q	0.434067418996
1816	R	0.320439596579
1817	Q	0.655493007827
1818	G	1.2022552004744
1819	A	1.27885071963
1820	E	1.064865425047
1821	P	0.760315667252
1822	R	0.518041181578
1823	K	0.710181773124
1824	N	0.716148449574
1825	F	0.496261147273
1826	V	0.930351395036
1827	K	0.529393779578
1828	P	0.770142988025
1829	N	0.544656774795
1830	E	0.605293013413
1831	T	0.577341262554
1832	K	0.670303061516
1833	T	0.688512358269
1834	Y	0.990409443451
1835	F	0.525606387288
1836	W	1.088364184353
1837	K	0.577294622859
1838	V	1.154961337609
1839	Q	0.841702672647
1840	H	0.508847347277
1841	H	1.095615488841
1842	M	1.27885071963
1843	A	1.005438518401
1844	P	1.063258137566
1845	T	0.624725865417
1846	K	0.30340667901
1847	D	0.58169000093
1848	E	0.618230818412
1849	F	1.27885071963
1850	D	0.900476764574
1851	C	1.27885071963
1852	K	1.27885071963
1853	A	1.2379179436162
1854	W	1.2467958183789
1855	A	0.61807967372
1856	Y	1.095235847822
1857	F	0.902007551968
1858	S	1.136121739101
1859	D	0.991885648478
1860	V	0.763723543962
1861	D	0.576459250859
1862	L	0.585322993343
1863	E	0.700313537537
1864	K	0.733752174718
1865	D	1.27885071963
1866	V	1.07836028812
1867	H	1.103683064394
1868	S	1.27885071963
1869	G	1.27885071963
1870	L	1.27885071963
1871	I	0.985496548712
1872	G	1.056034170437
1873	P	1.110773918789
1874	L	1.27885071963
1875	L	1.27885071963
1876	V	1.27885071963
1877	C	1.27885071963
1878	H	0.750369636749
1879	T	0.610650851053
1880	N	0.355601765674
1881	T	0.782726956147
1882	L	0.904863040087
1883	N	0.700097817536
1884	P	0.368752369654
1885	A	0.378265910778
1886	H	0.306702199921
1887	G	0.667290541026
1888	R	0.578681290138
1889	Q	1.030812275142
1890	V	0.545783875146
1891	T	0.368449263195
1892	V	1.037315836639
1893	Q	1.074862720446
1894	E	0.925769003055
1895	F	1.27885071963
1896	A	1.125268407652
1897	L	1.2276207769198
1898	F	1.080860688218
1899	F	1.27885071963
1900	T	1.27885071963
1901	I	1.152997877253
1902	F	1.27885071963
1903	D	0.722322415681
1904	E	1.154387197834
1905	T	0.35771592444
1906	K	0.431719669651
1907	S	1.130676232245
1908	W	0.928242936062
1909	Y	0.560524695317
1910	F	0.4818832499
1911	T	0.53698807702
1912	E	0.91718756597
1913	N	0.434023267844
1914	M	0.491242446697
1915	E	0.440723084108
1916	R	0.440305704845
1917	N	0.355193673887
1918	C	0.29229892695
1919	R	0.493980675106
1920	A	0.556992728596
1921	P	0.341391458077
1922	C	0.26509414496
1923	N	0.554461002534
1924	I	0.500979710661
1925	Q	0.561271739478
1926	M	0.601907283505
1927	E	0.32506358384
1928	D	0.401097625419
1929	P	0.712018412716
1930	T	0.722472313088
1931	F	0.723620867721
1932	K	0.370805910961
1933	E	0.540970449188
1934	N	0.506093919833
1935	Y	0.525794596891
1936	R	0.823092113686
1937	F	1.017732013092
1938	H	1.2045255598637
1939	A	1.27885071963
1940	I	1.27885071963
1941	N	1.27885071963
1942	G	1.27885071963
1943	Y	1.000217561369
1944	I	0.841777301936
1945	M	0.564090465558
1946	D	0.697711216953
1947	T	0.694239113883
1948	L	1.166386539061
1949	P	0.613772733612
1950	G	1.17145902325
1951	L	1.2227636296589
1952	V	0.930473517732
1953	M	1.27885071963
1954	A	0.999793210933
1955	Q	0.870071849484
1956	D	0.516058144882
1957	Q	0.953658322992
1958	R	0.617299355165
1959	I	1.27885071963
1960	R	1.2428701245468
1961	W	1.27885071963
1962	Y	1.2421396029883
1963	L	1.27885071963
1964	L	0.86146198912
1965	S	1.112757111842
1966	M	0.833889178249
1967	G	0.971811152773
1968	S	0.662265405102
1969	N	0.851310038411
1970	E	0.832847112159
1971	N	1.27885071963
1972	I	1.073112468381
1973	H	1.27885071963
1974	S	1.27885071963
1975	I	1.27885071963
1976	H	1.27885071963
1977	F	1.27885071963
1978	S	1.27885071963
1979	G	1.077779628519
1980	H	0.982652258963
1981	V	0.949209471562
1982	F	1.2422723154116
1983	T	0.961571351235
1984	V	1.052989623635
1985	R	0.959536698577
1986	K	0.665012274034
1987	K	0.53752159521
1988	E	0.679530624631
1989	E	0.812283002982
1990	Y	0.929305624254
1991	K	1.097813866725
1992	M	0.744338521374
1993	A	1.090543135762
1994	L	1.019402675539
1995	Y	0.961466669361
1996	N	0.946158062191
1997	L	1.27885071963
1998	Y	0.651054106038
1999	P	1.088034426827
2000	G	0.645032630888
2001	V	0.881530251646
2002	F	1.138825033854
2003	E	1.089603623614
2004	T	1.27885071963
2005	V	1.27885071963
2006	E	1.029965787472
2007	M	1.144379948404
2008	L	0.63879505215
2009	P	1.27885071963
2010	S	0.448384298669
2011	K	0.627738022553
2012	A	1.088914318269
2013	G	0.774003494016
2014	I	0.935508169015
2015	W	1.129021052504
2016	R	1.068098459865
2017	V	1.27885071963
2018	E	1.27885071963
2019	C	1.27885071963
2020	L	1.27885071963
2021	I	1.27885071963
2022	G	1.27885071963
2023	E	0.717726817462
2024	H	1.2242024346174
2025	L	1.04117846398
2026	H	0.455823992065
2027	A	0.698393699167
2028	G	1.091494807068
2029	M	1.27885071963
2030	S	1.153302208213
2031	T	1.27885071963
2032	L	0.973783310461
2033	F	1.27885071963
2034	L	0.544433685553
2035	V	1.112766880461
2036	Y	1.113638668617
2037	S	0.897411098707
2038	N	0.527860670287
2039	K	0.375401559558
2040	C	0.837860105631
2041	Q	0.822633774132
2042	T	0.79031314378
2043	P	0.634160914655
2044	L	0.880919932784
2045	G	0.986554122443
2046	M	0.91301751732
2047	A	0.561704827021
2048	S	0.580672328749
2049	G	0.404000078113
2050	H	0.379190344794
2051	I	0.746226426979
2052	R	0.439071822683
2053	D	0.464824665316
2054	F	0.33135962736
2055	Q	0.910816276342
2056	I	0.66504258582
2057	T	0.800078454799
2058	A	0.975109563213
2059	S	0.505696307688
2060	G	0.696703673081
2061	Q	0.632160871625
2062	Y	0.790674949609
2063	G	0.489609288344
2064	Q	0.395583718757
2065	W	1.039084754148
2066	A	1.066647759298
2067	P	0.815321102002
2068	K	0.490512363259
2069	L	0.911160546581
2070	A	0.673210695264
2071	R	0.837912207058
2072	L	0.596284025203
2073	H	0.607421133429
2074	Y	0.400328244577
2075	S	0.745261434637
2076	G	0.377736955785
2077	S	0.418871415152
2078	I	0.524335967339
2079	N	0.982734370398
2080	A	1.27885071963
2081	W	1.2011754883583
2082	S	1.27885071963
2083	T	1.27885071963
2084	K	0.811693195081
2085	E	0.412351088402
2086	P	0.561361257253
2087	F	0.2302039851
2088	S	0.916890536563
2089	W	0.898026230608
2090	I	1.117652401576
2091	K	0.879250536486
2092	V	1.148429861374
2093	D	0.871357736073
2094	L	0.981744173539
2095	L	0.476890784688
2096	A	0.777396767974
2097	P	0.717191186697
2098	M	0.894364982078
2099	I	1.031172179992
2100	I	1.27885071963
2101	H	1.27885071963
2102	G	1.27885071963
2103	I	1.27885071963
2104	K	0.814522577145
2105	T	1.211386065266
2106	Q	1.041704589531
2107	G	1.27885071963
2108	A	0.991484915174
2109	R	0.513313463034
2110	Q	0.639686355545
2111	K	0.336663744027
2112	F	0.292622439488
2113	S	0.509374746042
2114	S	0.656072334691
2115	L	1.140187877838
2116	Y	0.973000236662
2117	I	1.27885071963
2118	S	0.728271944077
2119	Q	0.813363756354
2120	F	1.27885071963
2121	I	0.864797731125
2122	I	1.27885071963
2123	M	0.933404118292
2124	Y	1.104187343369
2125	S	1.025707949204
2126	L	0.57966257942
2127	D	0.653451878687
2128	G	0.790545832543
2129	K	0.371162876017
2130	K	0.578603505284
2131	W	0.772101159669
2132	Q	0.62324059851
2133	T	0.510466405207
2134	Y	1.132125016974
2135	R	0.824432332048
2136	G	0.857321721894
2137	N	0.586221523246
2138	S	0.585836070703
2139	T	0.45562208553
2140	G	0.725309043698
2141	T	0.280562424369
2142	L	0.791868195045
2143	M	0.91239909452
2144	V	0.585627807835
2145	F	0.99613253321
2146	F	0.546021827885
2147	G	0.946475041621
2148	N	0.969822901396
2149	V	0.63455107628
2150	D	0.72397230369
2151	S	0.711049257346
2152	S	0.630650976562
2153	G	0.804827780415
2154	I	0.571945280226
2155	K	0.752543277228
2156	H	0.635947258672
2157	N	1.013245922293
2158	I	0.626460385546
2159	F	1.2233174820617
2160	N	0.931812335234
2161	P	1.022315257626
2162	P	1.03979172345
2163	I	1.2251685499815
2164	I	0.660384870009
2165	A	1.072590993355
2166	R	0.885211137363
2167	Y	0.98647059766
2168	I	1.27885071963
2169	R	1.065395831007
2170	L	1.27885071963
2171	H	0.929463079139
2172	P	0.990810416794
2173	T	0.726713946952
2174	H	0.69351334223
2175	Y	0.708515543844
2176	S	0.894862030002
2177	I	0.374298726703
2178	R	0.901416714566
2179	S	1.122603223072
2180	T	1.27885071963
2181	L	1.1952193874698
2182	R	1.077353716175
2183	M	1.145445382095
2184	E	0.986097478455
2185	L	1.27885071963
2186	M	1.103687460974
2187	G	1.2200480066539
2188	C	1.107274584445
2189	D	0.878842235312
2190	L	0.536369577287
2191	N	0.636557929823
2192	S	0.99689183935
2193	C	0.854436463629
2194	S	0.771408883358
2195	M	0.727674546293
2196	P	0.506499273075
2197	L	0.911142526428
2198	G	0.943247249444
2199	M	1.2473813892668
2200	E	0.611436793117
2201	S	0.447182646318
2202	K	0.405520895241
2203	A	0.543704683074
2204	I	0.901594193629
2205	S	0.701726636315
2206	D	0.582880535589
2207	A	0.304097702752
2208	Q	0.903132511749
2209	I	1.139621052479
2210	T	0.69848694686
2211	A	0.86782729554
2212	S	0.857732552547
2213	S	0.911642457743
2214	Y	0.50752549798
2215	F	0.785353698551
2216	T	0.464019528895
2217	N	0.614567449808
2218	M	0.341378717689
2219	F	0.289002770433
2220	A	0.875931541807
2221	T	0.750903492872
2222	W	1.032315582144
2223	S	0.750576056862
2224	P	1.032889904274
2225	S	0.651268831809
2226	K	0.743692469749
2227	A	1.27885071963
2228	R	1.01384081985
2229	L	1.045332139926
2230	H	0.458851447157
2231	L	0.88656604389
2232	Q	0.383197082567
2233	G	0.507014147983
2234	R	0.48546146122
2235	S	0.961512170221
2236	N	1.00446023544
2237	A	1.27885071963
2238	W	1.27885071963
2239	R	0.948112474851
2240	P	1.2264461276331
2241	Q	0.463414254341
2242	V	0.443587179127
2243	N	0.89848394726
2244	N	0.880490911229
2245	P	0.531167819382
2246	K	0.540941256264
2247	E	0.95362529103
2248	W	0.920615048908
2249	L	1.27885071963
2250	Q	1.073368556981
2251	V	1.27885071963
2252	D	0.89686647591
2253	F	0.960851079875
2254	Q	0.548024096642
2255	K	0.537906283633
2256	T	0.879352109048
2257	M	0.935068121823
2258	K	0.607527733758
2259	V	1.27885071963
2260	T	0.551454260883
2261	G	1.145699047296
2262	V	1.27885071963
2263	T	0.936164047631
2264	T	1.27885071963
2265	Q	1.113928638792
2266	G	1.27885071963
2267	V	1.113537673168
2268	K	0.656272070165
2269	S	0.661760270989
2270	L	0.367644558887
2271	L	0.26118772031
2272	T	0.538434058962
2273	S	0.706974716862
2274	M	1.155618790774
2275	Y	0.959712901566
2276	V	1.27885071963
2277	K	0.766286368579
2278	E	0.944756180324
2279	F	1.2317622110112
2280	L	0.928359423976
2281	I	1.27885071963
2282	S	1.07257188176
2283	S	1.026756513928
2284	S	1.101424378466
2285	Q	0.45468433407
2286	D	0.793784588813
2287	G	0.521512351189
2288	H	0.417266937474
2289	Q	0.462055035245
2290	W	0.749782772304
2291	T	0.466541978485
2292	L	0.69681980723
2293	F	0.996257864791
2294	F	0.582291140483
2295	Q	0.680101544147
2296	N	0.27623761731
2297	G	0.515659075214
2298	K	0.451213230672
2299	V	0.683161149602
2300	K	0.753444585405
2301	V	0.583991149763
2302	F	1.117784449913
2303	Q	0.660893595729
2304	G	0.872323256021
2305	N	0.994396388694
2306	Q	0.297873391644
2307	D	0.673190038937
2308	S	0.951630327097
2309	F	0.419595729874
2310	T	0.558185721361
2311	P	0.522127444692
2312	V	0.695912248753
2313	V	0.574569426712
2314	N	0.93191364292
2315	S	0.402716267085
2316	L	1.017167833054
2317	D	0.367263439271
2318	P	0.691966749656
2319	P	0.455851741119
2320	L	0.97031940896
2321	L	0.676857084161
2322	T	1.105491096224
2323	R	0.880253776975
2324	Y	0.998161274216
2325	L	1.27885071963
2326	R	0.995572180078
2327	I	1.27885071963
2328	H	0.952268959032
2329	P	1.27885071963
2330	Q	0.686556127291
2331	S	0.882371298661
2332	W	0.739220282095
2333	V	0.820000019734
2334	H	0.368472410947
2335	Q	0.81744223833
2336	I	1.27885071963
2337	A	1.27885071963
2338	L	1.27885071963
2339	R	1.129128902619
2340	M	1.27885071963
2341	E	1.115520733135
2342	V	1.2245819240712
2343	L	0.891149411422
2344	G	1.170079891472
2345	C	0.877435295642
2346	E	0.312707849549
2347	A	0.593984925317
2348	Q	0.575525695631
2349	D	0.786015956248
2350	L	0.379332709747
2351	Y	0.24877018295
